Name,Location,Experience,Graduation,Post Graduation,PhD,Frontend,Backend,DB,Tools,Miscellaneous
Tonya Garcia,Austin,6,Bachelor's,Master's,,,,,,
Jennifer Garcia,New York,5,Bachelor's,Master's,,,,,,
Brian Wilson,Wichita,4,Bachelor's,Master's,,,,,,
Mark Henson,Boston,3,Bachelor's,Master's,,,,,,
Thomas Lamb,Chicago,5,Bachelor's,Master's,PhD,,Python,SQL,"Hadoop,AWS", machine learning
Linda Schultz,Miami,2,Bachelor's,Master's,PhD,,,,,
Destiny Wallace,Boston,3,Bachelor's,Master's,,,,,,
Timothy Little,San Francisco,5,Bachelor's,Master's,PhD,,,,," Digital Marketing, SEO, Social Media"
Barbara Willis,Fresno,3,Bachelor's,Master's,PhD,,,,,
Thomas Fernandez,Raleigh,4,Bachelor's,Master's,PhD,,,,,
Kristi Lopez,Louisville,5,Bachelor's,Master's,,,,,,
Mike Scott,Charlotte,3,Bachelor's,Master's,,,,,,
Taylor Scott,Philadelphia,5.5,Bachelor's,Master's,PhD,,,,,
Angela Carlson,Boston,3,Bachelor's,Master's,PhD,,,,,
Kenneth Hurley,San Francisco,6,Bachelor's,Master's,PhD,,,,,
Todd Wade Jr.,Cheyenne,3,Bachelor's,Master's,PhD,,,,,
Laura Hayes,Boston,2,Bachelor's,Master's,,,,,,
Lauren Kirby,Boston,3,Bachelor's,Master's,,,,,,
Christina Conrad,Columbus,3,Bachelor's,Master's,,,,,,
Sherry Davenport,Houston,6,Bachelor's,Master's,,,,,,
Kayla Day,Miami,6,Bachelor's,Master's,,,,,,
Bryan Adkins,Madison,6,Bachelor's,Master's,PhD,,,,,
Brian Owens,New York,3,Bachelor's,Master's,,,,,,
Melissa Pena,New Orleans,5,Bachelor's,Master's,PhD,,,,,
Michelle Burton,San Francisco,2,Bachelor's,Master's,,,,,,
Nancy Wolf,Los Angeles,3,Bachelor's,Master's,,,,,,
Christopher Brown,Dallas,2,Bachelor's,Master's,,,,,,
Raymond Goodwin,Wichita,6,Bachelor's,Master's,PhD,,,,,
Maria Buck,Austin,6,Bachelor's,Master's,PhD,,,,,
Mrs. Sandra Stevenson,Houston,2,Bachelor's,Master's,,,,,,
Dawn Hernandez,New York,5,Bachelor's,Master's,,,,,,
Carl Ferguson,Denver,3,Bachelor's,Master's,,,,,,
John Horne,Dallas,2,Bachelor's,Master's,,,,,,
Logan Dunn,Detroit,4,Bachelor's,Master's,PhD,,,,,
Dylan Orozco,Tucson,5,Bachelor's,Master's,PhD,,,,,
Alison Sanchez,Cleveland,2,Bachelor's,Master's,PhD,,,,,
Brett Fisher,Albuquerque,3,Bachelor's,Master's,PhD,,,,,
Johnathan Nash,Omaha,3,Bachelor's,Master's,PhD,,,,,
Dylan Frazier,Raleigh,3,Bachelor's,Master's,,,,,,
Janet Vasquez,Tampa,4,Bachelor's,Master's,PhD,,,,,
Darryl Bentley,Salt Lake City,4,Bachelor's,Master's,PhD,,,,,
Lori Cook,El Paso,4,Bachelor's,Master's,PhD,,,,,
Anna Long,San Francisco,4,Bachelor's,Master's,PhD,,,,,
Andre Hanson,Dallas,3,Bachelor's,Master's,,,,,,
Nicole Stanley,Charlotte,6,Bachelor's,Master's,PhD,,,,,
Christopher Holmes,Tucson,5,Bachelor's,Master's,PhD,,,,,
Kathryn Williams,Chicago,2,Bachelor's,Master's,,,Python,SQL,"Hadoop,AWS", machine learning
Whitney White,Madison,2,Bachelor's,Master's,,,,,,
Glenda Nelson,El Paso,5,Bachelor's,Master's,,,,,,
Charles Carter,Syracuse,2,Bachelor's,Master's,PhD,,,,,
Penny Carpenter,Memphis,5,Bachelor's,Master's,,,,,,
Kimberly Green,New York,2,Bachelor's,Master's,,,,,,
Rebecca Nicholson,Atlanta,3,Bachelor's,Master's,PhD,,,,,
Samantha Jones,Albuquerque,1,Bachelor's,Master's,,,,,,
Melissa Taylor,Buffalo,4,Bachelor's,Master's,PhD,,,,,
Jade Keller,Milwaukee,2,Bachelor's,Master's,,,,,,
Andrew Green,San Francisco,4,Bachelor's,Master's,PhD,,,,,
Monique Brown,Minneapolis,5,Bachelor's,Master's,,,,,,
Christina Bailey,Cleveland,2,Bachelor's,Master's,PhD,,,,,
Randy Murray,Anchorage,4,Bachelor's,Master's,PhD,,,,,
Megan Jones,Omaha,3,Bachelor's,Master's,PhD,,,,,
Judith Smith,Dallas,5,Bachelor's,Master's,,,,,,
Jeremy Boone,New York,4,Bachelor's,Master's,PhD,,,,,
Jeremy Gomez,Chicago,4,Bachelor's,Master's,,,Python,SQL,"Hadoop,AWS, Azure", machine learning
Michael Williams,Seattle,4,Bachelor's,Master's,PhD,,,,,
Jennifer Moore,San Francisco,2,Bachelor's,Master's,,,,,,
Jamie Chen,Louisville,3,Bachelor's,Master's,PhD,,,,,
Stephen Brown,Dallas,5,Bachelor's,Master's,,,,,,
John Taylor,Seattle,6,Bachelor's,Master's,,,,,,
Michael Fuller,Atlanta,5,Bachelor's,Master's,,,,,,
David Hill,New Orleans,4,Bachelor's,Master's,PhD,,,,,
Teresa Hardin,Charlotte,2,Bachelor's,Master's,PhD,,,,,
Frederick Fields,Columbus,4,Bachelor's,Master's,PhD,,,,,
Ryan Schultz,Albuquerque,6,Bachelor's,Master's,PhD,,,,,
Penny Rodriguez,Detroit,2,Bachelor's,Master's,PhD,,,,,
Patrick Lewis Jr.,Wichita,3,Bachelor's,Master's,,,,,,
Steven Hood,Chicago,1,Bachelor's,Master's,,,Python,SQL,"Hadoop,  Azure", machine learning
Robert Norris,Charlotte,3,Bachelor's,Master's,,,,,,
Julie Martinez,Austin,5,Bachelor's,Master's,,,,,,
Cynthia Lane,Charlotte,3,Bachelor's,Master's,PhD,,,,,
Rajat Kumar,"Gurugram, India",12,Bachelor's,Master's,,,".NET Core, Microservices, Spring Boot, .NET",,Azure,
Neha Sharma,"Bengaluru, India",10,Bachelor's,Master's,,,,,,
Piyush Verma,"Gurugram, India",14,Bachelor's,Master's,,,".NET Core, Microservices, Spring Boot, .NET",,Azure,
Sneha Agarwal,"Gurugram, India",8,Bachelor's,Master's,,,".NET Core, Microservices, Spring Boot, .NET",,Azure,
Anuj Bhatia,"Pune, India",12,Bachelor's,Master's,,,,,,
Vikrant Gupta,"Noida, India",7,Bachelor's,Master's,,,,,,
Divya Malhotra,"Mumbai, India",5,Bachelor's,Master's,,,,,,
Rahul Jain,"Chennai, India",6,Bachelor's,Master's,,,,,,
Arvind Narang,"Gurugram, India",15,Bachelor's,Master's,,,".NET Core, Microservices, Spring Boot, .NET",,Azure,
Kavita Desai,"Hyderabad, India",8,Bachelor's,Master's,,,,,,
Rohan Sharma,"Gurgaon, NCR",7,Bachelor's,Master's,,"HTML, JavaScript, MVC (Model-View-Controller)","C# Programming (C-Sharp), .NET Framework, Plugin Development, Microsoft Dynamics CRM, Microsoft Dynamics 365 CE/CRM, CRM API, REST/ODATA and SOAP Endpoints, PowerApps Model Design & Development, Building CRM Forms, Views, Dashboards, Workflows","SQL Server, Azure SQL","Visual Studio, Git Source Control, CRM SDK, Microsoft Power Apps, Microsoft Flows, DevOps Pipelines, Azure Logic Apps, Azure Functions, Data Export Service, Azure Data Factory, ETL Technologies (Scribe Online, Microsoft Azure Data Factory, Kingswaysoft)","Microsoft Certifications on Dynamics 365 CE, FetchXML Report Development, Application Support and Issue Resolution, Agile Engineering Methodologies, Scrum Collaboration, Client Requirements Translation into Technical Designs, Architectural Mindset in Software Engineering, Strong Oral and Written Communication Skills, Decision Making Under Uncertainty, Systems Thinking (High-level and Detailed Thinking)"
Neha Verma,Delhi,5,Bachelor's,Master's,,,,,,
Aditya Singh,"Gurgaon, NCR",8,Bachelor's,Master's,,"HTML, JavaScript, MVC (Model-View-Controller)","C# Programming (C-Sharp), .NET Framework, Plugin Development, Microsoft Dynamics CRM, Microsoft Dynamics 365 CE/CRM, CRM API, REST/ODATA and SOAP Endpoints, PowerApps Model Design & Development, Building CRM Forms, Views, Dashboards, Workflows","SQL Server, Azure SQL","Visual Studio, Git Source Control, CRM SDK, Microsoft Power Apps, Microsoft Flows, DevOps Pipelines, Azure Logic Apps, Azure Functions, Data Export Service, Azure Data Factory, ETL Technologies (Scribe Online, Microsoft Azure Data Factory, Kingswaysoft)","Microsoft Certifications on Dynamics 365 CE, FetchXML Report Development, Application Support and Issue Resolution, Agile Engineering Methodologies, Scrum Collaboration, Client Requirements Translation into Technical Designs, Architectural Mindset in Software Engineering, Strong Oral and Written Communication Skills, Decision Making Under Uncertainty, Systems Thinking (High-level and Detailed Thinking)"
Priya Mehta,Noida,6,Bachelor's,Master's,,,,,,
Rakesh Patel,"Gurgaon, NCR",6,Bachelor's,Master's,,"HTML, JavaScript, MVC (Model-View-Controller)","C# Programming (C-Sharp), .NET Framework, Plugin Development, Microsoft Dynamics CRM, Microsoft Dynamics 365 CE/CRM, CRM API, REST/ODATA and SOAP Endpoints, PowerApps Model Design & Development, Building CRM Forms, Views, Dashboards, Workflows","SQL Server, Azure SQL","Visual Studio, Git Source Control, CRM SDK, Microsoft Power Apps, Microsoft Flows, DevOps Pipelines, Azure Logic Apps, Azure Functions, Data Export Service, Azure Data Factory, ETL Technologies (Scribe Online, Microsoft Azure Data Factory, Kingswaysoft)","Microsoft Certifications on Dynamics 365 CE, FetchXML Report Development, Application Support and Issue Resolution, Agile Engineering Methodologies, Scrum Collaboration, Client Requirements Translation into Technical Designs, Architectural Mindset in Software Engineering, Strong Oral and Written Communication Skills, Decision Making Under Uncertainty, Systems Thinking (High-level and Detailed Thinking)"
Anjali Gupta,NCR Region,4,Bachelor's,Master's,,,,,,
Vivek Thakur,"Gurgaon, NCR",7,Bachelor's,Master's,,"HTML, JavaScript, MVC (Model-View-Controller)","C# Programming (C-Sharp), .NET Framework, Plugin Development, Microsoft Dynamics CRM, Microsoft Dynamics 365 CE/CRM, CRM API, REST/ODATA and SOAP Endpoints, PowerApps Model Design & Development, Building CRM Forms, Views, Dashboards, Workflows","SQL Server, Azure SQL","Visual Studio, Git Source Control, CRM SDK, Microsoft Power Apps, Microsoft Flows, DevOps Pipelines, Azure Logic Apps, Azure Functions, Data Export Service, Azure Data Factory, ETL Technologies (Scribe Online, Microsoft Azure Data Factory, Kingswaysoft)","Microsoft Certifications on Dynamics 365 CE, FetchXML Report Development, Application Support and Issue Resolution, Agile Engineering Methodologies, Scrum Collaboration, Client Requirements Translation into Technical Designs, Architectural Mindset in Software Engineering, Strong Oral and Written Communication Skills, Decision Making Under Uncertainty, Systems Thinking (High-level and Detailed Thinking)"
Simran Dhawan,Delhi,3,Bachelor's,Master's,,,,,,
Rahul Jaiswal,Noida,6,Bachelor's,Master's,,,,,,
Kavita Sinha,"Gurgaon, NCR",8,Bachelor's,Master's,,"HTML, JavaScript, MVC (Model-View-Controller)","C# Programming (C-Sharp), .NET Framework, Plugin Development, Microsoft Dynamics CRM, Microsoft Dynamics 365 CE/CRM, CRM API, REST/ODATA and SOAP Endpoints, PowerApps Model Design & Development, Building CRM Forms, Views, Dashboards, Workflows","SQL Server, Azure SQL","Visual Studio, Git Source Control, CRM SDK, Microsoft Power Apps, Microsoft Flows, DevOps Pipelines, Azure Logic Apps, Azure Functions, Data Export Service, Azure Data Factory, ETL Technologies (Scribe Online, Microsoft Azure Data Factory, Kingswaysoft)","Microsoft Certifications on Dynamics 365 CE, FetchXML Report Development, Application Support and Issue Resolution, Agile Engineering Methodologies, Scrum Collaboration, Client Requirements Translation into Technical Designs, Architectural Mindset in Software Engineering, Strong Oral and Written Communication Skills, Decision Making Under Uncertainty, Systems Thinking (High-level and Detailed Thinking)"
Rohan Sharma,"Taylor, TX",6,Bachelor's,Master's,,"HTML, CSS, JavaScript, JQuery, JSP, ParamQuery, PQGrid","Java/J2EE (Java 17+), Spring, Struts2, OOPS principles, Java application development, performance optimization, ORM, Hibernate","SQL, RDBMS, Oracle PL/SQL","Linux, Git, Maven, Jenkins, Jasper, JUnit, Jasper Reports, Tomcat, JBoss, Docker Containers","Self-starter, Team-player, Problem-solving, Communication skills"
Priya Patel,"Taylor, TX",7,Bachelor's,Master's,,"HTML, CSS, JavaScript, JQuery, JSP, ParamQuery, PQGrid","Java/J2EE (Java 17+), Spring, Struts2, OOPS principles, Java application development, performance optimization, ORM, Hibernate","SQL, RDBMS, Oracle PL/SQL","Linux, Git, Maven, Jenkins, Jasper, JUnit, Jasper Reports, Tomcat, JBoss, Docker Containers","Self-starter, Team-player, Problem-solving, Communication skills"
Rahul Mehta,"Taylor, TX",5,Bachelor's,Master's,,"HTML, CSS, JavaScript, JQuery, JSP, ParamQuery, PQGrid","Java/J2EE (Java 17+), Spring, Struts2, OOPS principles, Java application development, performance optimization, ORM, Hibernate","SQL, RDBMS, Oracle PL/SQL","Linux, Git, Maven, Jenkins, Jasper, JUnit, Jasper Reports, Tomcat, JBoss, Docker Containers","Self-starter, Team-player, Problem-solving, Communication skills"
Neha Kapoor,"Taylor, TX",6,Bachelor's,Master's,,"HTML, CSS, Jquery","Java/J2EE (Java 17+), Spring, Struts2, OOPS principles,","SQL, RDBMS, Oracle PL/SQL","Linux, Git, Maven, Jenkins, Jasper, Junit","Self-starter, Team-player"
Arjun Verma,Austin,8,Bachelor's,Master's,,,,,,
Ananya Gupta,Remote,7,Bachelor's,Master's,,"PrimeFaces, User Interface (UI) development","Java EE, Core Java, Spring Boot, Spring Batch, Java design patterns, Backend development, Data service layer development, Technical troubleshooting, Code debugging, Performance tuning","SQL queries, DDL & DML, Views and stored procedures, JPA, Java Persistence API (JPA)","Azure DevOps, JUnit","Problem-solving, Interpersonal skills, Collaboration in a team environment, Adaptability to technology, Public Sector domain experience"
Rahul Singh,Remote,6,Bachelor's,Master's,,"PrimeFaces, User Interface (UI) development","Java EE, Core Java, Spring Boot, Spring Batch, Java design patterns, Backend development, Data service layer development, Technical troubleshooting, Code debugging, Performance tuning","SQL queries, DDL & DML, Views and stored procedures, JPA, Java Persistence API (JPA)","Azure DevOps, JUnit","Problem-solving, Interpersonal skills, Collaboration in a team environment, Adaptability to technology, Public Sector domain experience"
Neha Reddy,Remote,8,Bachelor's,Master's,,"PrimeFaces, User Interface (UI) development","Java EE, Core Java, Spring Boot, Spring Batch, Java design patterns, Backend development, Data service layer development, Technical troubleshooting, Code debugging, Performance tuning","SQL queries, DDL & DML, Views and stored procedures, JPA, Java Persistence API (JPA)","Azure DevOps, JUnit","Problem-solving, Interpersonal skills, Collaboration in a team environment, Adaptability to technology, Public Sector domain experience"
Arjun Malhotra,Remote,5,Bachelor's,Master's,,"PrimeFaces, User Interface (UI) development","Java EE, Core Java, Spring Boot, Spring Batch, Java design patterns, Backend development, Data service layer development, Technical troubleshooting, Code debugging, Performance tuning","SQL queries, DDL & DML, Views and stored procedures, JPA, Java Persistence API (JPA)","Azure DevOps, JUnit","Problem-solving, Interpersonal skills, Collaboration in a team environment, Adaptability to technology, Public Sector domain experience"
Priya Desai,Remote,7,Bachelor's,Master's,,,,,,
Narwan Red,"Folsom, CA",3,Bachelor's,Master's,,JavaScript,"REST API, JSON, Kafka, VBS, Python, XML, Perl",SQL,"UFT, Selenium, Load Runner, Parasoft SOA Test, SOAP-UI, HP Quality Center, SPLUNK SPL, Jira, Confluence, Microsoft Office Suite","Code reviews,Test engineering and product knowledge, Testing processes (security, performance, integration, functional), Test planning, Enterprise-level test framework architecture, QA practices, ISTQB certification, Adaptability, Communication skills, Problem-solving skills, Analytical skills, Team leadership, Facilitation, ITSM, Change Management, Configuration Management, Problem Management, Training development, Presentation skills, Hands-on testing skills"
Zcobla Straina ,"Folsom, CA",4,Bachelor's,Master's,,JavaScript,"REST API, JSON, Kafka, VBS, Python, XML, Perl",SQL,"UFT, Selenium, Load Runner, Parasoft SOA Test, SOAP-UI, HP Quality Center, SPLUNK SPL, Jira, Confluence, Microsoft Office Suite","Code reviews,Test engineering and product knowledge, Testing processes (security, performance, integration, functional), Test planning, Enterprise-level test framework architecture, QA practices, ISTQB certification, Adaptability, Communication skills, Problem-solving skills, Analytical skills, Team leadership, Facilitation, ITSM, Change Management, Configuration Management, Problem Management, Training development, Presentation skills, Hands-on testing skills"
Faris shafi,"Folsom, CA",2,Bachelor's,Master's,,JavaScript,"REST API, JSON, Kafka, VBS, Python, XML, Perl",SQL,"UFT, Selenium, Load Runner, Parasoft SOA Test, SOAP-UI, HP Quality Center, SPLUNK SPL, Jira, Confluence, Microsoft Office Suite","Code reviews,Test engineering and product knowledge, Testing processes (security, performance, integration, functional), Test planning, Enterprise-level test framework architecture, QA practices, ISTQB certification, Adaptability, Communication skills, Problem-solving skills, Analytical skills, Team leadership, Facilitation, ITSM, Change Management, Configuration Management, Problem Management, Training development, Presentation skills, Hands-on testing skills"
Brown maxel,"Folsom, CA",5,Bachelor's,,,JavaScript,"REST API, JSON, Kafka, VBS, Python, XML, Perl",SQL,"UFT, Selenium, Load Runner, Parasoft SOA Test, SOAP-UI, HP Quality Center, SPLUNK SPL, Jira, Confluence, Microsoft Office Suite","Code reviews,Test engineering and product knowledge, Testing processes (security, performance, integration, functional), Test planning, Enterprise-level test framework architecture, QA practices, ISTQB certification, Adaptability, Communication skills, Problem-solving skills, Analytical skills, Team leadership, Facilitation, ITSM, Change Management, Configuration Management, Problem Management, Training development, Presentation skills, Hands-on testing skills"
Dafur karmani,"Folsom, CA",6,Bachelor's,,,JavaScript,"REST API, JSON, Kafka, VBS, Python, XML, Perl",SQL,"UFT, Selenium, Load Runner, Parasoft SOA Test, SOAP-UI, HP Quality Center, SPLUNK SPL, Jira, Confluence, Microsoft Office Suite","Code reviews,Test engineering and product knowledge, Testing processes (security, performance, integration, functional), Test planning, Enterprise-level test framework architecture, QA practices, ISTQB certification, Adaptability, Communication skills, Problem-solving skills, Analytical skills, Team leadership, Facilitation, ITSM, Change Management, Configuration Management, Problem Management, Training development, Presentation skills, Hands-on testing skills"
Sunita Shinde ,"Denver, CO",6,Bachelor's,,,,,,,
Arjun Sharma ,Remote,5,Bachelor's,,,,,,,
Bharti Kumar ,San Francisco,7,Bachelor's,,,,,,,
Parul Bhaghel,Remote,5,Bachelor's,,,,,,,
Max Miller Green,"Denver, CO",8,Bachelor's,,,,,,,
kharbindar Agarwal,"Gurugram, India",15,Bachelor's,Master's,,,".NET Core, Microservices, Spring Boot, .NET",,Azure,
Mia Evans,Chicago,4,Bachelor's,,,,,,,
Nathan Fisher,Chicago,5,Bachelor's,Master's,PhD,,Python,SQL,"Hadoop, Azure", machine learning
Olivia Garcia,Chicago,3,Bachelor's,,,,,,,
Quinn Jackson,Chicago,6,Bachelor's,,,,,,,
Uma Nelson,Chicago,1,Bachelor's,,,,,,,
Victor Owen,Chicago,8,Bachelor's,,,,,,,
Ryan Goslin ,Chicago,4,Bachelor's,,,,Python,SQL,Hadoop,
